"time_iso","time_ms","time_s"," "," "," "," "," "," "," "," "," "," "
"2026-07-15T10:40:40.851Z","56","0.056","0.4","-0.19","0","0","0","0","265.3","321.3","2","37.41"
"2026-07-15T10:40:40.917Z","122","0.122","-1.75","-0.46","0","0","0","0","263.3","320.9","2","34.55"
"2026-07-15T10:40:40.979Z","184","0.184","-2.48","0.15","0","0","0","0","262.7","320.8","2","35.65"
"2026-07-15T10:40:41.034Z","239","0.239","-2.56","-1","0","0","0","0","262.5","320.7","2","36.56"
"2026-07-15T10:40:41.091Z","296","0.296","-2.33","-0.24","0","0","0","0","262.6","320.8","2","37.09"
"2026-07-15T10:40:41.149Z","354","0.354","-2.53","-0.87","0","0","0","0","262.7","320.8","2","35.84"
"2026-07-15T10:40:41.203Z","408","0.408","-2.51","-0.32","0","0","0","0","262.8","320.8","2","36.39"
"2026-07-15T10:40:41.262Z","467","0.467","-1.93","-0.4","0","0","0","0","262.9","320.8","2","36.98"
"2026-07-15T10:40:41.316Z","521","0.521","-1.72","-0.68","0","0","0","0","263.3","320.2","2","37.1"
"2026-07-15T10:40:41.370Z","575","0.575","-2.5","-0.44","0","0","0","0","262.5","320.8","2","37.04"
"2026-07-15T10:40:41.444Z","649","0.649","-5.41","0.7","-15.9","0","-16","0","259.4","322","2","35.95"
"2026-07-15T10:40:41.495Z","700","0.700","-8.61","3.35","-28.4","0","-28","0","256.4","324.3","2","36.54"
"2026-07-15T10:40:41.546Z","751","0.751","-11.53","3.5","-49.4","0","-49","0","253.5","324.9","2","36.97"
"2026-07-15T10:40:41.600Z","805","0.805","-12.15","3.06","-68.9","0","-70","0","252.7","324.5","2","36.71"
"2026-07-15T10:40:41.690Z","895","0.895","-10.92","4.23","-49.5","0","-50","0","253.9","323.9","2","35.89"
"2026-07-15T10:40:41.762Z","967","0.967","3.69","-2.08","22.4","0","22","0","269","319.6","2","32.45"
"2026-07-15T10:40:41.814Z","1019","1.019","7.59","-1.86","14.6","0","15","0","275","317.9","3","33.8"
"2026-07-15T10:40:41.869Z","1074","1.074","8.88","-3.69","33.7","-13.3","34","-13","276.8","317.7","2","35.23"
"2026-07-15T10:40:41.934Z","1139","1.139","11.48","-4.08","38.4","-13.9","38","-13","277.2","317.6","2","34.56"
"2026-07-15T10:40:41.995Z","1200","1.200","8.55","-2.14","37.6","0","38","0","275.9","319.2","2","33.54"
"2026-07-15T10:40:42.049Z","1254","1.254","10.45","-0.32","37.3","0","37","0","274.7","321.3","2","34.25"
"2026-07-15T10:40:42.104Z","1309","1.309","8.65","1.32","35.3","0","35","0","272.8","322.8","2","34.91"
"2026-07-15T10:40:42.159Z","1364","1.364","5.57","1.77","25.5","0","26","0","269.6","323.2","2","34.95"
"2026-07-15T10:40:42.216Z","1421","1.421","-0.6","2.36","0","0","0","0","267.3","323.5","2","35.33"
"2026-07-15T10:40:42.266Z","1471","1.471","0.77","4.31","0","0","0","0","265.4","324.1","3","35.69"
"2026-07-15T10:40:42.316Z","1521","1.521","-1.52","2.76","0","0","0","0","263.9","324.6","3","37.03"
"2026-07-15T10:40:42.395Z","1600","1.600","-3.5","3.79","0","0","0","0","261.9","325.3","3","39.55"
"2026-07-15T10:40:42.517Z","1722","1.722","2.03","0.92","0","0","0","0","267.4","322.7","2","38.74"
"2026-07-15T10:40:42.575Z","1780","1.780","0.09","0.25","0","0","0","0","265.4","321.8","2","36.11"
"2026-07-15T10:40:42.627Z","1832","1.832","-1.16","-0.35","0","0","0","0","264.7","321.4","3","37.3"
"2026-07-15T10:40:42.670Z","1875","1.875","-1.62","-0.46","0","0","0","0","264","321.1","3","38.44"
"2026-07-15T10:40:42.741Z","1946","1.946","-4.32","-0.98","0","0","0","0","263.1","320.7","3","39.59"
"2026-07-15T10:40:42.804Z","2009","2.009","-3.21","-0.66","0","0","0","0","262.5","320.4","3","38.68"
"2026-07-15T10:40:42.874Z","2079","2.079","-4.26","-1.01","0","0","0","0","261.8","320.1","3","41.18"
"2026-07-15T10:40:42.945Z","2150","2.150","0","0","0","0","0","0","0","0","0","40.38"
"2026-07-15T10:40:43.022Z","2227","2.227","0","0","0","0","0","0","0","0","0","41.33"
"2026-07-15T10:40:43.073Z","2278","2.278","0","0","0","0","0","0","0","0","0","40.54"
"2026-07-15T10:40:43.144Z","2349","2.349","0","0","0","0","0","0","0","0","0","40.96"
"2026-07-15T10:40:43.193Z","2398","2.398","0","0","0","0","0","0","0","0","0","40.31"
"2026-07-15T10:40:43.268Z","2473","2.473","0","0","0","0","0","0","0","0","0","41.96"
"2026-07-15T10:40:43.322Z","2527","2.527","0","0","0","0","0","0","0","0","0","40.48"
"2026-07-15T10:40:43.393Z","2598","2.598","0","0","0","0","0","0","0","0","0","40.92"
"2026-07-15T10:40:43.481Z","2686","2.686","0","0","0","0","0","0","0","0","0","40.78"
"2026-07-15T10:40:43.547Z","2752","2.752","0","0","0","0","0","0","0","0","0","37.09"
"2026-07-15T10:40:43.609Z","2814","2.814","-39.54","-7.98","-205.5","-27.4","-205","-26","225.7","313.2","2","37.48"
"2026-07-15T10:40:43.662Z","2867","2.867","-42.48","-8.29","-133.6","-17.8","-134","-18","223.4","312.6","3","37.86"
"2026-07-15T10:40:43.713Z","2918","2.918","-38.55","2.79","-203.9","21","-204","21","230.7","324.7","2","37.22"
"2026-07-15T10:40:43.772Z","2977","2.977","-34.11","6.18","-176.7","26.9","-177","27","235.8","328.2","2","36.64"
"2026-07-15T10:40:43.836Z","3041","3.041","-30.3","6.91","-152.5","29.7","-153","29","239.9","328.8","2","35.29"
"2026-07-15T10:40:43.892Z","3097","3.097","-27.24","6.89","-136.5","30","-137","30","243.5","328.5","2","35.77"
"2026-07-15T10:40:43.973Z","3178","3.178","-20.3","4.28","-98.9","22.1","-99","22","251.7","327","2","34.54"
"2026-07-15T10:40:44.040Z","3245","3.245","-15.4","4.19","-85.3","19.9","-85","20","257.5","326.7","3","32.2"
"2026-07-15T10:40:44.106Z","3311","3.311","-10.94","4.11","0","0","0","0","262.6","326.6","3","31.66"
"2026-07-15T10:40:44.162Z","3367","3.367","-19.44","3.82","-100.7","14.3","-101","15","254","326.4","2","33.68"
"2026-07-15T10:40:44.207Z","3412","3.412","-20.56","4.16","-104.1","13.7","-104","14","253.4","326.2","3","34.08"
"2026-07-15T10:40:44.345Z","3550","3.550","-18.79","-1.24","-99.5","0","-100","0","255.9","320.7","2","34.58"
"2026-07-15T10:40:44.392Z","3597","3.597","-19.05","-6.48","-98.8","-20.7","-99","-21","255.8","315.8","2","32.55"
"2026-07-15T10:40:44.458Z","3663","3.663","-19.19","-3.95","-100.1","-19.4","-99","-19","256.8","318.8","2","32.83"
"2026-07-15T10:40:44.521Z","3726","3.726","-20.31","-3.04","-103.8","-17.3","-104","-17","256.3","319.7","3","33.99"
"2026-07-15T10:40:44.579Z","3784","3.784","-24.52","-1.52","-128.5","0","-129","0","252.4","321.7","2","34.25"
"2026-07-15T10:40:44.636Z","3841","3.841","-27.82","0","-149.3","0","-149","0","250","322.8","2","33.34"
"2026-07-15T10:40:44.704Z","3909","3.909","-24.69","0.27","-132.5","0","-133","0","254.2","323.5","2","33.88"
"2026-07-15T10:40:44.763Z","3968","3.968","-19.87","0.82","-103.5","0","-104","0","259.9","323.8","2","34.59"
"2026-07-15T10:40:44.818Z","4023","4.023","-15.59","0.06","-76.7","0","-77","0","265.2","323.4","2","34.88"
"2026-07-15T10:40:44.874Z","4079","4.079","-14.71","0.19","-71.7","0","-72","0","267.6","323.7","2","35.07"
"2026-07-15T10:40:44.943Z","4148","4.148","-11.55","0.14","-46.6","0","-47","0","271","323.9","3","35.95"
"2026-07-15T10:40:44.993Z","4198","4.198","-15.2","-0.6","-79","0","-79","0","268.8","323.1","2","36.77"
"2026-07-15T10:40:45.050Z","4255","4.255","-20.24","-1.87","-105.1","0","-105","0","263.7","322.5","2","35.16"
"2026-07-15T10:40:45.138Z","4343","4.343","-22.47","-1.24","-117.9","0","-118","0","261.5","322.8","2","34.3"
"2026-07-15T10:40:45.212Z","4417","4.417","-24.2","-2.01","-129.7","0","-130","0","261.4","322.5","2","31.66"
"2026-07-15T10:40:45.269Z","4474","4.474","-23.47","-2.08","-125.5","0","-126","0","262.8","322.5","2","32.35"
"2026-07-15T10:40:45.326Z","4531","4.531","-20","-2.29","-106.1","0","-106","0","267.1","322.5","2","32.94"
"2026-07-15T10:40:45.386Z","4591","4.591","-19.64","-1.75","-99.6","0","-99","0","270.2","322.8","2","33.37"
"2026-07-15T10:40:45.452Z","4657","4.657","-16.83","-1.83","-85.7","0","-86","0","272.3","322.9","2","33.05"
"2026-07-15T10:40:45.507Z","4712","4.712","-17.6","0.34","-87.9","0","-88","0","272","323.5","2","33.35"
"2026-07-15T10:40:45.565Z","4770","4.770","-18.88","-1.69","-97.4","0","-97","0","270.8","323.3","2","33.33"
"2026-07-15T10:40:45.628Z","4833","4.833","-18.89","-1.62","-63.3","0","-63","0","271","323.4","3","34.58"
"2026-07-15T10:40:45.677Z","4882","4.882","-21.2","-2.89","-109.2","0","-109","0","271.6","322.5","2","34.79"
"2026-07-15T10:40:45.733Z","4938","4.938","-20.89","-2.5","-110.1","0","-109","0","270.8","322.5","2","33.95"
"2026-07-15T10:40:45.800Z","5005","5.005","-19.79","-2.71","-112.3","0","-112","0","271.7","322.3","3","34.26"
"2026-07-15T10:40:45.905Z","5110","5.110","-19.3","-2.37","-101.2","0","-101","0","274.5","322.5","2","35.24"
"2026-07-15T10:40:45.968Z","5173","5.173","-18.01","-2.93","-65.7","0","-66","0","277","322.5","3","31.73"
"2026-07-15T10:40:46.027Z","5232","5.232","-19.89","-2.4","-100.1","0","-100","0","278.3","322.9","2","32.83"
"2026-07-15T10:40:46.085Z","5290","5.290","-21.43","-0.15","-110","0","-110","0","277.2","323.1","3","32.97"
"2026-07-15T10:40:46.137Z","5342","5.342","-21.42","-1.75","0","0","0","0","277.5","323.2","3","34.9"
"2026-07-15T10:40:46.180Z","5385","5.385","-24.6","-2.81","-127.9","-10.1","-86","-10","275","323.6","2","36.02"
"2026-07-15T10:40:46.238Z","5443","5.443","-25.38","-1.64","-83.1","-10","-83","-10","274.3","323.8","3","35.66"
"2026-07-15T10:40:46.298Z","5503","5.503","-29.44","-1.36","0","0","0","0","273.8","324","3","36.41"
"2026-07-15T10:40:46.341Z","5546","5.546","-26.91","-0.97","0","0","0","0","273.4","324.1","3","37.73"
"2026-07-15T10:40:46.400Z","5605","5.605","-26.32","-0.37","0","0","0","0","273","324.3","3","38.42"
"2026-07-15T10:40:46.448Z","5653","5.653","-28.76","10.84","-148.4","37.3","-148","36","274.3","336","2","38.31"
"2026-07-15T10:40:46.508Z","5713","5.713","-28.57","11.46","-144.1","37.7","-144","38","274.5","336.4","3","36.39"
"2026-07-15T10:40:46.579Z","5784","5.784","-20.09","5.67","-103.9","27.1","-104","27","281.5","330.9","2","36.56"
"2026-07-15T10:40:46.639Z","5844","5.844","-16.71","2.82","-80.6","14.3","-81","14","286","328.1","2","35.63"
"2026-07-15T10:40:46.697Z","5902","5.902","-12.29","1.47","-68.8","0","-69","0","289.4","327","3","35.21"
"2026-07-15T10:40:46.781Z","5986","5.986","-11.84","2.04","-42.3","0","-42","0","290.1","327.3","2","35.48"
"2026-07-15T10:40:46.844Z","6049","6.049","-4.91","2.99","-34.2","10","-34","10","297.1","328.2","3","33.2"
"2026-07-15T10:40:46.901Z","6106","6.106","-4.08","4.02","-21.1","10","-22","10","299.6","328.6","2","35.47"
"2026-07-15T10:40:46.964Z","6169","6.169","-3.31","3.53","-12","10.4","-12","10","300.3","329.1","2","35.9"
"2026-07-15T10:40:47.023Z","6228","6.228","-2.61","3.26","-12","10.8","-12","11","300.5","328.5","2","36.05"
"2026-07-15T10:40:47.078Z","6283","6.283","-4.57","3","-12","10.4","-12","10","298.9","328.1","2","34.64"
"2026-07-15T10:40:47.147Z","6352","6.352","-6.23","2.31","-14.9","10","-15","10","296.8","327.4","3","34.82"
"2026-07-15T10:40:47.193Z","6398","6.398","-7.45","1.97","0","0","0","0","296.1","327","3","36.28"
"2026-07-15T10:40:47.243Z","6448","6.448","-8.65","1.9","0","0","0","0","295.4","326.7","3","37.14"
"2026-07-15T10:40:47.293Z","6498","6.498","-8.98","1.27","0","0","0","0","294.8","326.4","3","38.21"
"2026-07-15T10:40:47.348Z","6553","6.553","-9.48","0.67","0","0","0","0","294.2","326.1","3","38.17"
"2026-07-15T10:40:47.401Z","6606","6.606","-11.44","-0.08","-43.5","0","-43","0","292","325.1","2","38.95"
"2026-07-15T10:40:47.461Z","6666","6.666","-12.89","-0.21","-68.5","0","-69","0","291.3","324.8","3","38.21"
"2026-07-15T10:40:47.573Z","6778","6.778","-8.35","0.73","-39.7","0","-40","0","295.8","325.7","2","38.11"
"2026-07-15T10:40:47.653Z","6858","6.858","5.54","0.9","33.5","0","34","0","309.7","325.9","2","35.57"
"2026-07-15T10:40:47.705Z","6910","6.910","12.13","1","75.8","0","76","0","316.5","326.3","2","35.86"
"2026-07-15T10:40:47.763Z","6968","6.968","16.38","1.41","96.2","0","96","0","320.9","326.8","2","34.91"
"2026-07-15T10:40:47.812Z","7017","7.017","16.46","1.86","95.9","0","96","0","320.9","327","2","35.9"
"2026-07-15T10:40:47.881Z","7086","7.086","14.08","2.58","79.9","0","80","0","318.4","327.5","2","35.16"
"2026-07-15T10:40:47.937Z","7142","7.142","9.36","2.84","42.6","0","43","0","313.7","327.2","2","35.27"
"2026-07-15T10:40:47.984Z","7189","7.189","6.94","3.26","30.5","0","30","0","310.4","327","2","35.59"
"2026-07-15T10:40:48.050Z","7255","7.255","6.71","1.95","24.9","0","25","0","309.6","326.5","2","36.22"
"2026-07-15T10:40:48.097Z","7302","7.302","6.58","1.4","22.7","0","23","0","309.2","326.5","2","36.85"
"2026-07-15T10:40:48.166Z","7371","7.371","6.03","1.74","20.1","0","20","0","309.2","326.8","2","35.46"
"2026-07-15T10:40:48.223Z","7428","7.428","8.72","2.36","27.9","0","28","0","311.2","326.7","2","35.73"
"2026-07-15T10:40:48.281Z","7486","7.486","11.44","1.98","38.7","0","39","0","313.7","327.3","2","36.09"
"2026-07-15T10:40:48.395Z","7600","7.600","13.45","1.82","73","0","73","0","315.4","326.6","2","36.35"
"2026-07-15T10:40:48.461Z","7666","7.666","17.49","1.03","94.3","0","94","0","318.5","326.2","2","33.81"
"2026-07-15T10:40:48.527Z","7732","7.732","16.96","1.07","92.6","0","94","0","317.3","326.1","2","34.7"
"2026-07-15T10:40:48.590Z","7795","7.795","14.67","1.02","78.1","0","78","0","314.6","325.7","2","34.59"
"2026-07-15T10:40:48.639Z","7844","7.844","11.45","1.45","44.8","0","45","0","311.1","326","2","35.1"
"2026-07-15T10:40:48.704Z","7909","7.909","10.75","1.8","40.3","0","41","0","310.3","326.1","2","33.8"
"2026-07-15T10:40:48.765Z","7970","7.970","12.66","2","63.8","0","64","0","312.1","326.6","2","34.29"
"2026-07-15T10:40:48.822Z","8027","8.027","15.72","2.05","82","0","82","0","314.9","326.8","2","34.89"
"2026-07-15T10:40:48.879Z","8084","8.084","18.01","3.4","96.7","0","97","0","316.6","327","2","35.59"
"2026-07-15T10:40:48.927Z","8132","8.132","17.84","3.48","96","0","97","0","315.7","327.2","2","35.99"
"2026-07-15T10:40:48.999Z","8204","8.204","17.86","2.96","94.8","0","95","0","315.1","326.7","2","35.27"
"2026-07-15T10:40:49.060Z","8265","8.265","15.82","3.18","82.9","0","83","0","312.6","326.8","2","35.35"
"2026-07-15T10:40:49.136Z","8341","8.341","17.11","3.2","82.9","0","83","0","311.9","326.8","3","34.33"
"2026-07-15T10:40:49.207Z","8412","8.412","16.9","2.89","87.4","0","86","0","312.2","326","2","31.78"
"2026-07-15T10:40:49.269Z","8474","8.474","16.85","3.31","87.2","0","87","0","311.5","326.4","2","32.05"
"2026-07-15T10:40:49.324Z","8529","8.529","17.62","3.6","91.7","0","92","0","312.2","326.6","2","32.91"
"2026-07-15T10:40:49.369Z","8574","8.574","17.95","3.76","59.6","0","60","0","312.3","326.7","3","34.28"
"2026-07-15T10:40:49.423Z","8628","8.628","18.51","3.89","96.2","14","86","14","312.6","326.7","2","35.74"
"2026-07-15T10:40:49.486Z","8691","8.691","22.82","5.58","118.6","16.4","119","16","316.4","326.4","2","34.48"
"2026-07-15T10:40:49.550Z","8755","8.755","25.78","3.34","130.2","15.3","130","16","318.2","325.6","3","34.48"
"2026-07-15T10:40:49.609Z","8814","8.814","28.16","0.18","151.8","0","152","0","320","322.5","2","34.82"
"2026-07-15T10:40:49.655Z","8860","8.860","29.04","0.17","153.3","0","152","0","319.9","320.6","3","34.91"
"2026-07-15T10:40:49.716Z","8921","8.921","26.2","-1.77","142.6","0","143","0","316.2","319.9","2","34.97"
"2026-07-15T10:40:49.787Z","8992","8.992","25.48","-1.16","135.7","0","136","0","314.1","320.2","2","34.36"
"2026-07-15T10:40:49.851Z","9056","9.056","25.17","0.36","131.3","0","131","0","310.3","321.6","2","33.78"
"2026-07-15T10:40:49.957Z","9162","9.162","24.52","1.48","126","0","126","0","307.5","322.6","2","34.01"
"2026-07-15T10:40:50.026Z","9231","9.231","23.02","1.89","119.1","0","119","0","304.4","323.1","2","30.36"
"2026-07-15T10:40:50.085Z","9290","9.290","23.54","0.99","121.2","0","121","0","303.7","322.7","2","32.3"
"2026-07-15T10:40:50.141Z","9346","9.346","22.56","-1.29","116.7","0","118","0","301.9","321.7","2","33"
"2026-07-15T10:40:50.204Z","9409","9.409","21.68","-2.42","110.6","0","111","0","298.6","320.6","2","32.79"
"2026-07-15T10:40:50.253Z","9458","9.458","19.62","-2.04","101","0","101","0","296.7","319.7","2","33.36"
"2026-07-15T10:40:50.333Z","9538","9.538","21.29","-1.12","107.5","0","108","0","295.6","320.3","2","33.1"
"2026-07-15T10:40:50.381Z","9586","9.586","21.45","1.24","110.7","0","111","0","296.3","321.3","2","33.87"
"2026-07-15T10:40:50.440Z","9645","9.645","19.83","0.45","103.3","0","103","0","294.2","322.4","2","34.14"
"2026-07-15T10:40:50.498Z","9703","9.703","21.19","2.39","108.3","0","108","0","292.9","322.6","2","34.55"
"2026-07-15T10:40:50.559Z","9764","9.764","19.79","0.49","103.4","0","103","0","291.7","323.4","2","33.48"
"2026-07-15T10:40:50.627Z","9832","9.832","20.1","0.94","105","0","105","0","290.9","322.8","2","33.92"
"2026-07-15T10:40:50.665Z","9870","9.870","20.01","0.24","103.9","0","105","0","289.4","321.7","2","34.76"
"2026-07-15T10:40:50.770Z","9975","9.975","20.41","-0.55","103.9","0","104","0","288.7","321.5","3","33.6"
"2026-07-15T10:40:50.825Z","10030","10.030","14.39","-0.19","75.7","0","76","0","281.8","321","2","30.56"
"2026-07-15T10:40:50.890Z","10095","10.095","11.98","-0.42","44.4","0","44","0","279","321","2","32.06"
"2026-07-15T10:40:50.949Z","10154","10.154","10.4","0.08","38.9","0","39","0","276.8","321.7","2","33.63"
"2026-07-15T10:40:51.007Z","10212","10.212","8.71","1.02","32.5","0","32","0","274.6","322.5","2","34.57"
"2026-07-15T10:40:51.052Z","10257","10.257","6.62","2.11","25.2","0","25","0","272","323.1","2","34.73"
"2026-07-15T10:40:51.132Z","10337","10.337","3.08","3.12","14.1","0","14","0","268.3","323.6","2","34.54"
"2026-07-15T10:40:51.171Z","10376","10.376","1.63","2.07","0","0","0","0","266.8","323.3","2","35.46"
"2026-07-15T10:40:51.239Z","10444","10.444","-1.03","0.9","0","0","0","0","264","322.5","2","35.71"
"2026-07-15T10:40:51.287Z","10492","10.492","-1.93","-1.32","0","0","0","0","263.2","320.2","2","35.91"
"2026-07-15T10:40:51.350Z","10555","10.555","-3.81","-2.28","0","0","0","0","261.3","319","3","35.29"
"2026-07-15T10:40:51.411Z","10616","10.616","-2.94","-5.9","-12","-21.2","-12","-21","262","315.9","2","36.56"
"2026-07-15T10:40:51.456Z","10661","10.661","-4.49","-9.21","-12.9","-23.7","-12","-24","260.5","311.7","3","36.58"
"2026-07-15T10:40:51.544Z","10749","10.749","-5.08","-10.77","-12","-15.4","-12","-15","259.9","310.4","3","35.78"
"2026-07-15T10:40:51.608Z","10813","10.813","-6.96","-14.56","0","0","0","0","258","305.7","3","32.17"
"2026-07-15T10:40:51.661Z","10866","10.866","-7.81","-16.45","0","0","0","0","257.2","303.8","3","33.92"
"2026-07-15T10:40:51.723Z","10928","10.928","-4.87","-32.09","-17.7","-148.3","-17","-148","260","289.1","2","34.15"
"2026-07-15T10:40:51.791Z","10996","10.996","-5.51","-36.92","-16.4","-163.6","-16","-164","261.1","284.5","3","34.43"
"2026-07-15T10:40:51.835Z","11040","11.040","-1.52","-38.07","0","-182.1","0","-182","266.9","284.4","2","35.04"
"2026-07-15T10:40:51.895Z","11100","11.100","0.59","-37.33","0","-182.9","0","-182","270","284.5","2","34.96"
"2026-07-15T10:40:51.962Z","11167","11.167","-2.6","-34.94","0","-171.5","0","-172","269.9","288.4","2","35.14"
"2026-07-15T10:40:52.010Z","11215","11.215","-3.2","-31.31","-12","-155.2","-12","-155","269.7","292.7","3","35.27"
"2026-07-15T10:40:52.071Z","11276","11.276","-2.33","-24.76","-12","-118.8","-12","-119","272.2","299.4","2","35.88"
"2026-07-15T10:40:52.135Z","11340","11.340","0.48","-20.23","0","-87.6","0","-88","277","304.4","2","34.61"
"2026-07-15T10:40:52.183Z","11388","11.388","2.7","-17.35","0","-80.5","0","-81","281.2","307.9","3","34.81"
"2026-07-15T10:40:52.242Z","11447","11.447","1.47","-15.43","0","-65.4","0","-65","280.6","308.2","2","34.87"
"2026-07-15T10:40:52.299Z","11504","11.504","-0.91","-19.02","0","-78.3","0","-78","278.7","306.2","2","35.31"
"2026-07-15T10:40:52.376Z","11581","11.581","-2","-18.82","0","-78.3","0","-78","278.9","306.5","3","35.01"
"2026-07-15T10:40:52.450Z","11655","11.655","-5.16","-24.31","-14.2","-109.9","-14","-110","276.3","301","2","32.65"
"2026-07-15T10:40:52.519Z","11724","11.724","-6.42","-25.83","-22.6","-122.7","-23","-123","275.8","299.7","2","33.76"
"2026-07-15T10:40:52.564Z","11769","11.769","-5.6","-25.16","-22.9","-119.8","-23","-120","276.9","300.3","3","34.55"
"2026-07-15T10:40:52.627Z","11832","11.832","-4.46","-22.46","-20.9","-107.2","-21","-107","277.9","302.9","2","35.77"
"2026-07-15T10:40:52.684Z","11889","11.889","-4.95","-19.95","-20.5","-91.3","-21","-91","278.8","305.8","2","34.83"
"2026-07-15T10:40:52.736Z","11941","11.941","-6.11","-17.94","-23.5","-81.6","-23","-82","278.3","307.8","2","33.98"
"2026-07-15T10:40:52.804Z","12009","12.009","-5.51","-16.46","-15.3","-53","-15","-53","278.4","309.2","3","36.31"
"2026-07-15T10:40:52.858Z","12063","12.063","-6.73","-13.45","-25","-59","-24","-59","277.7","312.2","2","34.42"
"2026-07-15T10:40:52.933Z","12138","12.138","-7.89","-10.3","-28.8","-35.3","-29","-35","276.9","315.2","2","33.03"
"2026-07-15T10:40:53.000Z","12205","12.205","-6","-6.95","-26.2","-26","-26","-26","278.6","318.5","2","32.97"
"2026-07-15T10:40:53.048Z","12253","12.253","-5.4","-4.46","-22.4","-16","-22","-16","279.2","321.1","2","34.21"
"2026-07-15T10:40:53.116Z","12321","12.321","-6.44","-2.07","-23.2","0","-22","0","278.3","323.4","2","34.99"
"2026-07-15T10:40:53.200Z","12405","12.405","-8.23","0.12","-26.1","0","-26","0","276.5","325.6","2","31.32"
"2026-07-15T10:40:53.285Z","12490","12.490","-13.26","-0.67","-71.7","0","-72","0","271.9","325","2","31.09"
"2026-07-15T10:40:53.336Z","12541","12.541","-14.72","0.24","-46.6","0","-47","0","269.6","325.4","3","33.1"
"2026-07-15T10:40:53.379Z","12584","12.584","-17.84","0.52","0","0","0","0","267.5","325.8","3","34.99"
"2026-07-15T10:40:53.429Z","12634","12.634","-19.73","0.72","0","0","0","0","265.7","326.1","3","36.52"
"2026-07-15T10:40:53.469Z","12674","12.674","-21.33","0.8","0","0","0","0","264","326.5","3","37.63"
"2026-07-15T10:40:53.534Z","12739","12.739","-22.98","1.16","0","0","0","0","262.3","326.8","3","37.58"
"2026-07-15T10:40:53.584Z","12789","12.789","-24.84","1.6","0","0","0","0","260.8","327.1","3","38.05"
"2026-07-15T10:40:53.648Z","12853","12.853","0","0","0","0","0","0","0","0","0","40.7"
"2026-07-15T10:40:53.697Z","12902","12.902","0","0","0","0","0","0","0","0","0","41.15"
"2026-07-15T10:40:53.755Z","12960","12.960","0","0","0","0","0","0","0","0","0","39.49"
"2026-07-15T10:40:53.809Z","13014","13.014","0","0","0","0","0","0","0","0","0","39.33"
"2026-07-15T10:40:53.877Z","13082","13.082","0","0","0","0","0","0","0","0","0","40.78"
"2026-07-15T10:40:53.936Z","13141","13.141","0","0","0","0","0","0","0","0","0","40.89"
"2026-07-15T10:40:54.000Z","13205","13.205","0","0","0","0","0","0","0","0","0","41.64"
"2026-07-15T10:40:54.055Z","13260","13.260","0","0","0","0","0","0","0","0","0","40.11"
"2026-07-15T10:40:54.168Z","13373","13.373","0","0","0","0","0","0","0","0","0","41.12"
"2026-07-15T10:40:54.227Z","13432","13.432","-65.14","1.91","-409.1","0","-407","0","220.3","328.1","3","37.39"
"2026-07-15T10:40:54.294Z","13499","13.499","-70.2","2.2","0","0","-123","0","217.1","328.2","3","37.18"
"2026-07-15T10:40:54.338Z","13543","13.543","-33.98","3.46","-179.1","13","-179","14","253.9","329.6","2","37.22"
"2026-07-15T10:40:54.395Z","13600","13.600","-25.5","2.97","-125.2","11.9","-125","12","263.8","328.7","2","36.79"
"2026-07-15T10:40:54.454Z","13659","13.659","-13.06","-3.42","-55.4","-20.6","-55","-21","275.4","322.5","2","36.44"
"2026-07-15T10:40:54.533Z","13738","13.738","-3.72","-6.07","-36","-13.4","-36","-13","285.6","319.7","3","37.28"
"2026-07-15T10:40:54.573Z","13778","13.778","-7.99","-3.11","-17.7","-18.5","-19","-18","281.4","322.5","2","35.92"
"2026-07-15T10:40:54.629Z","13834","13.834","-9.87","-1.43","-23.7","0","-24","0","279.2","323.9","2","35.81"
"2026-07-15T10:40:54.690Z","13895","13.895","-8.15","-1.33","-15.4","0","-15","0","281","324","3","36.68"
"2026-07-15T10:40:54.750Z","13955","13.955","-6.55","-1.2","0","0","0","0","282.6","324.2","3","37.57"
"2026-07-15T10:40:54.787Z","13992","13.992","-4.89","-1.05","0","0","0","0","284.2","324.3","3","37.93"
"2026-07-15T10:40:54.854Z","14059","14.059","-3.34","-1.1","0","0","0","0","285.6","324.4","3","39.05"
"2026-07-15T10:40:54.912Z","14117","14.117","-1.75","-0.9","0","0","0","0","287.4","324.6","3","40.19"
"2026-07-15T10:40:54.991Z","14196","14.196","-28.47","-0.63","-148","0","-72","0","260.8","325","2","41.66"
"2026-07-15T10:40:55.075Z","14280","14.280","-32.41","-0.54","-165.5","0","-165","0","256.9","325.1","2","39.96"
"2026-07-15T10:40:55.144Z","14349","14.349","-30.56","0.22","-161.8","0","-162","0","258.8","325.7","2","36.49"
"2026-07-15T10:40:55.200Z","14405","14.405","-22.93","1.81","-124.5","0","-125","0","266.4","327.6","2","36.76"
"2026-07-15T10:40:55.258Z","14463","14.463","-16.16","3.17","-77.9","0","-78","0","274.2","329.1","2","36.13"
"2026-07-15T10:40:55.323Z","14528","14.528","-11.41","4.01","-35.6","0","-36","0","279.2","329.9","2","35.2"
"2026-07-15T10:40:55.399Z","14604","14.604","-8.53","5.91","-31.1","19.3","-31","19","280.8","331.5","2","33.7"
"2026-07-15T10:40:55.446Z","14651","14.651","-11.13","5.76","-34.9","21.7","-35","21","280","331.3","2","34.02"
"2026-07-15T10:40:55.503Z","14708","14.708","-13.25","4.64","-65.8","19.9","-66","20","278.1","330.6","2","34.46"
"2026-07-15T10:40:55.572Z","14777","14.777","-17.21","3.34","-87.2","15.1","-87","15","275.7","328.8","2","34.57"
"2026-07-15T10:40:55.627Z","14832","14.832","-20.53","2.42","-108.1","10.2","-108","10","272.8","328.3","2","34.93"
"2026-07-15T10:40:55.667Z","14872","14.872","-20.47","3.05","-109.2","10.3","-108","10","271","328.9","3","34.13"
"2026-07-15T10:40:55.724Z","14929","14.929","-25.74","5.18","-137.5","14.7","-138","15","265.9","331.2","2","34.57"
"2026-07-15T10:40:55.802Z","15007","15.007","-28.86","6.05","-89.4","10","-89","10","262.9","332.1","3","34.08"
"2026-07-15T10:40:55.916Z","15121","15.121","-33.43","6.35","-174.5","20.6","-175","21","258.5","334","3","34.26"
"2026-07-15T10:40:55.976Z","15181","15.181","-39.19","10.05","-219.4","29.1","-203","29","252.6","336.3","2","32.13"
"2026-07-15T10:40:56.039Z","15244","15.244","-42.34","12.25","-228.7","36.3","-229","36","249.6","338.2","3","33.16"
"2026-07-15T10:40:56.086Z","15291","15.291","-46.21","10.79","-254.3","46.4","-254","46","245.7","338.6","2","34.36"
"2026-07-15T10:40:56.142Z","15347","15.347","-49.97","14.42","-272.9","71.5","-273","72","242.2","338.9","2","35.46"
"2026-07-15T10:40:56.193Z","15398","15.398","-53.89","14.65","-292.6","73","-293","73","238.3","338.8","2","34.17"
"2026-07-15T10:40:56.243Z","15448","15.448","-56.68","13.28","-190.2","47.4","-190","47","235.2","339.2","3","35.33"
"2026-07-15T10:40:56.316Z","15521","15.521","-59.41","11.87","0","0","0","0","232.2","339.6","3","35.43"
"2026-07-15T10:40:56.366Z","15571","15.571","-61.13","13.98","-391.2","65.7","-83","66","231","338.8","2","36.84"
"2026-07-15T10:40:56.404Z","15609","15.609","-63.58","12.65","-254.3","42.7","-254","43","228.8","338.8","3","37.25"
"2026-07-15T10:40:56.481Z","15686","15.686","-63.77","10.96","0","0","0","0","226.7","338.8","3","36.47"
"2026-07-15T10:40:56.545Z","15750","15.750","-69.52","13.84","0","0","0","0","224.3","338.8","3","39.61"
"2026-07-15T10:40:56.639Z","15844","15.844","-69.49","10.54","0","0","0","0","222.2","338.8","3","41.17"
"2026-07-15T10:40:56.688Z","15893","15.893","-70.88","9.51","0","0","0","0","220.2","338.9","3","37.48"
"2026-07-15T10:40:56.770Z","15975","15.975","0","0","0","0","0","0","0","0","0","34.26"
"2026-07-15T10:40:56.851Z","16056","16.056","-49.63","4.05","0","0","0","0","241.3","332.9","2","31.71"
"2026-07-15T10:40:56.924Z","16129","16.129","0","0","0","0","0","0","0","0","3","30.38"
"2026-07-15T10:40:57.001Z","16206","16.206","0","0","0","0","0","0","0","0","3","29.17"
"2026-07-15T10:40:57.077Z","16282","16.282","0","0","0","0","0","0","0","0","2","28.51"
"2026-07-15T10:40:57.150Z","16355","16.355","0","0","0","0","0","0","0","0","3","28.25"
"2026-07-15T10:40:57.225Z","16430","16.430","0","0","0","0","0","0","0","0","3","28.05"
"2026-07-15T10:40:57.300Z","16505","16.505","0","0","0","0","0","0","0","0","3","27.51"
"2026-07-15T10:40:57.382Z","16587","16.587","0","0","0","0","0","0","0","0","3","27.12"
"2026-07-15T10:40:57.456Z","16661","16.661","0","0","0","0","0","0","0","0","3","27.33"
"2026-07-15T10:40:57.542Z","16747","16.747","-38.36","10.42","-199.5","37.5","-151","37","254.9","338","2","26.5"
"2026-07-15T10:40:57.616Z","16821","16.821","-37.59","11.32","-196","39.1","-196","39","255.7","337.8","2","27.89"
"2026-07-15T10:40:57.664Z","16869","16.869","-35.21","12.11","-127.4","25.4","-127","25","258.5","338.4","3","28.38"
"2026-07-15T10:40:57.738Z","16943","16.943","-34.11","12.36","0","0","0","0","259.6","338.6","3","31.72"
"2026-07-15T10:40:57.794Z","16999","16.999","-32.42","13.47","0","0","0","0","261.2","338.9","3","34.8"
"2026-07-15T10:40:57.872Z","17077","17.077","-29.57","4.86","-154.4","19.5","-154","21","263.9","330.9","2","34.79"
"2026-07-15T10:40:57.927Z","17132","17.132","-28.66","3.78","-100.4","12.7","-100","13","265.2","329.6","3","35.77"
"2026-07-15T10:40:57.968Z","17173","17.173","-27.64","2.66","0","0","0","0","266.3","328.5","3","37.09"
"2026-07-15T10:40:58.020Z","17225","17.225","-21.42","-2.29","-111.4","0","-79","0","272.6","323.5","2","38.34"
"2026-07-15T10:40:58.077Z","17282","17.282","-18.48","-4.64","-72.4","0","-72","0","275.4","321","3","36.79"
"2026-07-15T10:40:58.126Z","17331","17.331","-16.61","-6.36","0","0","0","0","277.5","319.2","3","38"
"2026-07-15T10:40:58.176Z","17381","17.381","-15.23","-8.13","0","0","0","0","279.4","317.5","3","38.61"
"2026-07-15T10:40:58.241Z","17446","17.446","-14.18","-4.51","-73.8","-16.2","-68","-16","280.5","321.4","2","40.88"
"2026-07-15T10:40:58.307Z","17512","17.512","-13.13","-4.96","-71.8","-16.4","-72","-16","281.7","321.1","3","39.6"
"2026-07-15T10:40:58.357Z","17562","17.562","-11.57","-5.29","0","0","0","0","283.2","320.7","3","37.91"
"2026-07-15T10:40:58.420Z","17625","17.625","-10.17","-0.45","-40","0","-40","0","284.8","325.5","3","38.2"
"2026-07-15T10:40:58.473Z","17678","17.678","-9.17","-0.01","0","0","0","0","286.1","326.5","3","39.21"
"2026-07-15T10:40:58.526Z","17731","17.731","-8.84","1.84","-34.4","0","-35","0","286","327.7","2","39.54"
"2026-07-15T10:40:58.577Z","17782","17.782","-8.21","2.98","-22.3","0","-22","0","286.9","328.7","3","39.58"
"2026-07-15T10:40:58.664Z","17869","17.869","-10.22","2.88","-36","10","-36","10","285","328.6","2","35.22"
"2026-07-15T10:40:58.725Z","17930","17.930","-12.72","1.16","-64.7","0","-65","0","282.9","327.3","2","35.81"
"2026-07-15T10:40:58.777Z","17982","17.982","-13.63","0.75","-42","0","-42","0","281.9","327","3","36.43"
"2026-07-15T10:40:58.827Z","18032","18.032","-14.42","0.7","0","0","0","0","281.1","326.8","3","37.47"
"2026-07-15T10:40:58.887Z","18092","18.092","-15.51","0.39","0","0","0","0","280.2","326.5","3","36.39"
"2026-07-15T10:40:58.943Z","18148","18.148","-21.19","1.56","-109.7","0","-110","0","274.5","327.6","2","37.09"
"2026-07-15T10:40:58.995Z","18200","18.200","-19.58","2.09","-103.5","0","-104","0","274.5","328.3","2","36.82"
"2026-07-15T10:40:59.040Z","18245","18.245","-21.47","4.44","-111","11.8","-111","12","276.2","328.8","2","36.51"
"2026-07-15T10:40:59.106Z","18311","18.311","-16.03","3.38","-83.9","12.9","-84","12","280.8","329.2","2","36.33"
"2026-07-15T10:40:59.170Z","18375","18.375","-17.22","3.22","-85.6","11.8","-86","12","281.8","327.6","2","35.89"
"2026-07-15T10:40:59.221Z","18426","18.426","-14.33","0.19","-73.6","0","-74","0","283.1","324.7","2","37"
"2026-07-15T10:40:59.272Z","18477","18.477","-12.99","-3.11","-47.8","0","-48","0","284.4","323.2","3","37.23"
"2026-07-15T10:40:59.318Z","18523","18.523","-11.37","-8.58","-43.4","-36.6","-43","-37","286.3","318.4","2","36.98"
"2026-07-15T10:40:59.383Z","18588","18.588","-12.3","-11.95","-41.4","-37.8","-41","-37","287.7","316.5","3","35.66"
"2026-07-15T10:40:59.440Z","18645","18.645","-12.85","-6.67","-63.5","-33.4","-64","-33","286.2","320.2","2","35.51"
"2026-07-15T10:40:59.505Z","18710","18.710","-14.29","-6.4","-71.6","-29.9","-72","-30","284.6","321.5","2","36.02"
"2026-07-15T10:40:59.583Z","18788","18.788","-18.18","-3.92","-91.6","-23.4","-92","-23","282.9","322.3","2","35.79"
"2026-07-15T10:40:59.638Z","18843","18.843","-17.48","-2.17","-91.7","0","-92","0","279.2","324","2","33.56"
"2026-07-15T10:40:59.705Z","18910","18.910","-22.75","-0.85","-123.8","0","-124","0","277","324.7","3","34.12"
"2026-07-15T10:40:59.765Z","18970","18.970","-19.55","-1.15","-107.5","0","-107","0","280.2","325.1","2","35.57"
"2026-07-15T10:40:59.808Z","19013","19.013","-16.89","-0.55","-92.7","0","-93","0","283.4","325.7","3","36.09"
"2026-07-15T10:40:59.860Z","19065","19.065","-10.79","-0.54","-44","0","-44","0","289.9","326.4","2","36.57"
"2026-07-15T10:40:59.936Z","19141","19.141","-5.12","1.74","-26.8","0","-27","0","295.7","328.7","2","34.87"
"2026-07-15T10:40:59.994Z","19199","19.199","-2.13","4.53","-18.7","0","-19","0","298.6","330.8","3","36"
"2026-07-15T10:41:00.047Z","19252","19.252","0.02","5.89","0","0","0","0","301.7","332.2","3","37.26"
"2026-07-15T10:41:00.085Z","19290","19.290","0.46","9.69","0","35.8","0","36","302.3","335.2","3","37.84"
"2026-07-15T10:41:00.148Z","19353","19.353","2.42","10.76","0","0","0","0","304.4","336.9","3","38.11"
"2026-07-15T10:41:00.202Z","19407","19.407","4.27","12.17","0","0","0","0","306.5","338.5","3","37.81"
"2026-07-15T10:41:00.252Z","19457","19.457","6.12","13.5","0","0","0","0","308.2","339.9","3","38.69"
"2026-07-15T10:41:00.325Z","19530","19.530","-2.06","12.91","0","60.7","0","61","300.3","339","2","40.57"
"2026-07-15T10:41:00.379Z","19584","19.584","-2.95","13.85","0","39.4","0","39","299.9","339.7","3","39.81"
"2026-07-15T10:41:00.449Z","19654","19.654","-2.12","9.89","0","35.6","0","36","300.2","337.5","2","38.76"
"2026-07-15T10:41:00.546Z","19751","19.751","-1.49","11.05","0","38.9","0","39","300.8","336.9","2","37.55"
"2026-07-15T10:41:00.611Z","19816","19.816","-1.42","11.36","0","40.5","0","41","301.7","336.9","2","34.15"
"2026-07-15T10:41:00.679Z","19884","19.884","0.02","11.6","0","41.8","0","41","301.2","336.9","2","35"
"2026-07-15T10:41:00.725Z","19930","19.930","1.12","12.36","0","57.6","0","58","300.9","337.5","3","34.57"
"2026-07-15T10:41:00.779Z","19984","19.984","1.16","14.07","0","68.6","0","69","301.9","338.6","2","35.53"
"2026-07-15T10:41:00.832Z","20037","20.037","1.44","13.66","0","66.6","0","67","301.9","338.4","3","35.69"
"2026-07-15T10:41:00.888Z","20093","20.093","2.67","13.62","0","65.8","0","66","302.6","338.4","2","36.69"
"2026-07-15T10:41:00.944Z","20149","20.149","2.35","14.09","0","67.4","0","66","302.1","338.5","2","36.51"
"2026-07-15T10:41:01.005Z","20210","20.210","2.82","14.02","0","67.3","0","67","302.4","338","2","36.54"
"2026-07-15T10:41:01.050Z","20255","20.255","3.36","13.9","0","43.7","0","44","302.6","337.8","3","37.04"
"2026-07-15T10:41:01.120Z","20325","20.325","2.39","8.24","12","29.7","12","30","301.2","331.8","2","39.82"
"2026-07-15T10:41:01.185Z","20390","20.390","0.85","5.95","0","25.2","0","25","299.7","329.1","2","39.78"
"2026-07-15T10:41:01.243Z","20448","20.448","1.16","3.77","0","18.8","0","19","299.9","326.7","2","38.72"
"2026-07-15T10:41:01.281Z","20486","20.486","1.11","1.57","0","12.2","0","12","299.5","324.6","3","38.44"
"2026-07-15T10:41:01.345Z","20550","20.550","0.65","0.39","0","0","0","0","299.2","322.9","3","39.14"
"2026-07-15T10:41:01.422Z","20627","20.627","0.48","0.81","0","0","0","0","299.1","324.2","2","39.4"
"2026-07-15T10:41:01.499Z","20704","20.704","-0.48","1.68","0","0","0","0","298.3","324.9","2","38.49"
"2026-07-15T10:41:01.562Z","20767","20.767","-1.13","0.87","0","0","0","0","297.5","324","3","36.31"
"2026-07-15T10:41:01.622Z","20827","20.827","-7.14","-1.73","-27.1","0","-27","0","291.4","321.5","2","37.61"
"2026-07-15T10:41:01.693Z","20898","20.898","-11.19","-4.71","-35.5","-14","-35","-14","287.5","318.4","2","37.15"
"2026-07-15T10:41:01.719Z","20924","20.924","-13.92","-7.03","-64.6","-18.4","-65","-18","284.8","316","3","37.12"
"2026-07-15T10:41:01.771Z","20976","20.976","-16.43","-8.82","0","0","0","0","282.4","314.4","3","38.21"
"2026-07-15T10:41:01.828Z","21033","21.033","-13.53","-4.11","-70.3","-14.8","-68","-15","285.1","319.1","2","39.04"
"2026-07-15T10:41:01.885Z","21090","21.090","-8.78","2.23","-40","0","-40","0","289.6","325.4","2","38.07"
"2026-07-15T10:41:01.959Z","21164","21.164","-6.15","8.11","-32.7","35.2","-33","35","292.5","331.4","3","37.3"
"2026-07-15T10:41:02.016Z","21221","21.221","0.28","13.6","0","75.1","0","75","299.1","336.7","2","37.88"
"2026-07-15T10:41:02.060Z","21265","21.265","3.9","18.26","0","48.8","0","49","302.9","341.1","3","36.47"
"2026-07-15T10:41:02.112Z","21317","21.317","-55.22","43.01","-353.4","202.1","-83","74","243.4","365.8","2","37.43"
"2026-07-15T10:41:02.185Z","21390","21.390","-71.86","53.42","-229.7","131.4","-230","131","226.7","375.9","3","38.17"
"2026-07-15T10:41:02.241Z","21446","21.446","-87.17","62.01","0","0","0","0","211.9","384.9","3","38.79"
"2026-07-15T10:41:02.264Z","21469","21.469","-100.59","69.77","0","0","0","0","198.7","392.8","3","40.17"
"2026-07-15T10:41:02.335Z","21540","21.540","-114.29","77.85","0","0","0","0","184.9","401.1","3","39.04"
"2026-07-15T10:41:02.385Z","21590","21.590","-125.54","84.78","0","0","0","0","173.3","408.1","3","39.6"
"2026-07-15T10:41:02.488Z","21693","21.693","-135.06","90.55","0","0","0","0","161.5","415.2","3","38.56"
"2026-07-15T10:41:02.551Z","21756","21.756","23.53","35.44","84.6","176.2","85","176","323.2","358.6","3","35.6"
"2026-07-15T10:41:02.599Z","21804","21.804","33.1","32.85","138.4","158.5","138","159","331.7","354.9","3","35.41"
"2026-07-15T10:41:02.655Z","21860","21.860","26.25","23.93","143.5","111.6","143","112","322.8","345.1","2","36.52"
"2026-07-15T10:41:02.723Z","21928","21.928","23.84","16.9","133.5","90.1","134","90","319.4","338","3","36.03"
"2026-07-15T10:41:02.763Z","21968","21.968","24.03","11.74","0","0","0","0","320.7","332.6","3","36.8"
"2026-07-15T10:41:02.842Z","22047","22.047","27.47","2.7","0","0","0","0","322.5","325.3","3","37.92"
"2026-07-15T10:41:02.903Z","22108","22.108","28.73","-1","0","0","0","0","323.5","321.1","3","38.27"
"2026-07-15T10:41:02.954Z","22159","22.159","31.43","-5.14","0","0","0","0","324.5","316.9","3","37.73"
"2026-07-15T10:41:03.033Z","22238","22.238","0","0","0","0","0","0","0","0","0","40.15"
"2026-07-15T10:41:03.087Z","22292","22.292","22.91","2.48","118.9","10","119","10","317.8","324.8","2","39.78"
"2026-07-15T10:41:03.152Z","22357","22.357","22.43","1.77","116.9","0","117","0","317","323.8","2","38.19"
"2026-07-15T10:41:03.220Z","22425","22.425","20.73","-1.59","109.6","0","110","0","314.8","320.4","3","37.86"
"2026-07-15T10:41:03.245Z","22450","22.450","19.79","-3.36","0","0","0","0","313.7","318.7","3","38.97"
"2026-07-15T10:41:03.313Z","22518","22.518","12.35","-5.34","65.3","-18.6","65","-18","304.1","317","2","38.93"
"2026-07-15T10:41:03.349Z","22554","22.554","8.56","-8.16","42.4","-12.1","42","-12","300.3","315.3","3","38.81"
"2026-07-15T10:41:03.418Z","22623","22.623","4.47","-10.63","0","0","0","0","296.7","313.7","3","38.31"
"2026-07-15T10:41:03.461Z","22666","22.666","-0.8","-11.18","0","0","0","0","293.6","312.2","3","37.96"
"2026-07-15T10:41:03.610Z","22815","22.815","7.49","-4.4","0","0","0","0","302.8","319","3","36.11"
"2026-07-15T10:41:03.686Z","22891","22.891","5.7","-3.35","0","0","0","0","302.2","320.1","3","31.43"
"2026-07-15T10:41:03.746Z","22951","22.951","0","0","0","0","0","0","0","0","3","30.1"
"2026-07-15T10:41:03.821Z","23026","23.026","0","0","0","0","0","0","0","0","3","29.27"
"2026-07-15T10:41:03.893Z","23098","23.098","0","0","0","0","0","0","0","0","3","29.1"
"2026-07-15T10:41:03.977Z","23182","23.182","8.61","-2.2","0","0","0","0","301.2","322.1","3","27.58"
"2026-07-15T10:41:04.070Z","23275","23.275","55.3","-6.16","0","0","0","0","346.9","318.4","2","27.18"
"2026-07-15T10:41:04.143Z","23348","23.348","63.04","-6.6","0","0","0","0","354.1","318.1","3","27.29"
"2026-07-15T10:41:04.221Z","23426","23.426","0","0","0","0","0","0","0","0","2","26.58"
"2026-07-15T10:41:04.286Z","23491","23.491","0","0","0","0","0","0","0","0","3","26.6"
"2026-07-15T10:41:04.363Z","23568","23.568","0","0","0","0","0","0","0","0","2","26.77"
"2026-07-15T10:41:04.437Z","23642","23.642","0","0","0","0","0","0","0","0","3","26.66"
"2026-07-15T10:41:04.488Z","23693","23.693","0","0","0","0","0","0","0","0","3","25.66"
"2026-07-15T10:41:04.564Z","23769","23.769","0","0","0","0","0","0","0","0","2","25.98"
"2026-07-15T10:41:04.641Z","23846","23.846","0","0","0","0","0","0","0","0","3","25.71"
"2026-07-15T10:41:04.731Z","23936","23.936","0","0","0","0","0","0","0","0","3","26.21"
"2026-07-15T10:41:04.801Z","24006","24.006","49.41","0.32","256.9","0","137","0","341.5","322","2","25.72"
"2026-07-15T10:41:04.854Z","24059","24.059","47.37","0.54","167","0","167","0","339.4","322.4","3","29.35"
"2026-07-15T10:41:04.890Z","24095","24.095","47.26","0.59","0","0","0","0","337.7","322.7","3","32.28"
"2026-07-15T10:41:04.960Z","24165","24.165","29.83","1.35","156.8","0","157","0","319.2","323.2","2","34.05"
"2026-07-15T10:41:05.016Z","24221","24.221","21.27","1.26","110.8","0","111","0","309.9","323.2","2","32.55"
"2026-07-15T10:41:05.085Z","24290","24.290","12.3","3.02","55","0","55","0","298.3","323.4","2","33.63"
"2026-07-15T10:41:05.136Z","24341","24.341","6.28","0.12","25.6","0","26","0","289","324.2","3","34.8"
"2026-07-15T10:41:05.189Z","24394","24.394","0.39","0","0","0","0","0","285.8","324.4","2","36.39"
"2026-07-15T10:41:05.252Z","24457","24.457","-0.22","-0.43","0","0","0","0","285.3","324.1","2","34.71"
"2026-07-15T10:41:05.338Z","24543","24.543","2.36","0.31","0","0","0","0","287.8","324.5","2","33.98"
"2026-07-15T10:41:05.417Z","24622","24.622","6.56","0.53","0","0","0","0","291.9","324.9","2","31.64"
"2026-07-15T10:41:05.482Z","24687","24.687","0","0","0","0","0","0","0","0","2","30.02"
"2026-07-15T10:41:05.581Z","24786","24.786","0","0","0","0","0","0","0","0","2","28.16"
"2026-07-15T10:41:05.644Z","24849","24.849","0","0","0","0","0","0","0","0","3","27.66"
"2026-07-15T10:41:05.721Z","24926","24.926","0","0","0","0","0","0","0","0","3","27.38"
"2026-07-15T10:41:05.793Z","24998","24.998","0","0","0","0","0","0","0","0","3","27.26"
"2026-07-15T10:41:05.872Z","25077","25.077","0","0","0","0","0","0","0","0","3","27.07"
"2026-07-15T10:41:05.948Z","25153","25.153","0","0","0","0","0","0","0","0","3","27.11"
"2026-07-15T10:41:06.045Z","25250","25.250","0","0","0","0","0","0","0","0","3","26.53"
"2026-07-15T10:41:06.102Z","25307","25.307","0","0","0","0","0","0","0","0","0","25.84"
"2026-07-15T10:41:06.206Z","25411","25.411","36.12","2.1","184.1","0","184","0","321.1","323.5","3","29.54"
"2026-07-15T10:41:06.268Z","25473","25.473","36.38","2.05","186.3","0","184","0","320.8","322.8","3","28.49"
"2026-07-15T10:41:06.313Z","25518","25.518","29.03","1.3","149.9","0","150","0","310.5","322.7","2","30.75"
"2026-07-15T10:41:06.388Z","25593","25.593","27.53","1.13","97.5","0","97","0","306.7","322.6","3","31.22"
"2026-07-15T10:41:06.441Z","25646","25.646","24.08","0.97","0","0","0","0","303.9","322.5","3","33.23"
"2026-07-15T10:41:06.478Z","25683","25.683","12.57","1.04","65.4","0","65","0","293","322.4","2","34.73"
"2026-07-15T10:41:06.548Z","25753","25.753","5.9","1.03","44.3","0","44","0","288.3","322.1","3","34.23"
"2026-07-15T10:41:06.614Z","25819","25.819","5.16","0","35.4","0","35","0","285.5","321.5","3","34.32"
"2026-07-15T10:41:06.649Z","25854","25.854","3.25","-5.55","0","0","0","0","281.9","321.3","3","35.35"
"2026-07-15T10:41:06.699Z","25904","25.904","-0.82","-1.18","0","0","0","0","278.7","321","3","36.44"
"2026-07-15T10:41:06.770Z","25975","25.975","9.87","-1.65","37.5","0","38","0","289.7","320.2","3","36.79"
"2026-07-15T10:41:06.810Z","26015","26.015","10.37","-2.02","0","0","0","0","289.8","319.8","3","37.3"
"2026-07-15T10:41:06.864Z","26069","26.069","10.51","-2.47","0","0","0","0","289.9","319.5","3","36.86"
"2026-07-15T10:41:06.928Z","26133","26.133","13","-2.71","0","0","0","0","290","319.2","3","37.71"
"2026-07-15T10:41:06.978Z","26183","26.183","24.01","-1.77","124.9","0","83","0","302.1","320.4","2","38.67"
"2026-07-15T10:41:07.043Z","26248","26.248","25.97","-1.61","81.2","0","81","0","304.7","320.4","3","37.74"
"2026-07-15T10:41:07.091Z","26296","26.296","29.99","-1.82","0","0","0","0","307.2","320.4","3","37.02"
"2026-07-15T10:41:07.166Z","26371","26.371","31.04","-1.46","0","0","0","0","308.2","320.4","3","37.24"
"2026-07-15T10:41:07.238Z","26443","26.443","34.22","-1.7","177.9","0","72","0","310.8","319.6","2","35.72"
"2026-07-15T10:41:07.295Z","26500","26.500","36.29","-1.42","188.2","0","188","0","312.3","320.5","2","36.93"
"2026-07-15T10:41:07.354Z","26559","26.559","32.58","-1.85","172.4","0","172","0","307.8","320.3","2","37.47"
"2026-07-15T10:41:07.400Z","26605","26.605","26.05","-2.6","136.8","0","137","0","301","319.9","2","37.34"
"2026-07-15T10:41:07.442Z","26647","26.647","23.33","-2.31","88.9","0","89","0","298","319.7","3","37.49"
"2026-07-15T10:41:07.500Z","26705","26.705","20.53","-1.38","0","0","0","0","295.1","319.6","3","37.44"
"2026-07-15T10:41:07.557Z","26762","26.762","13.02","-5.91","80.8","-30.1","81","-30","284.1","319.5","3","36.81"
"2026-07-15T10:41:07.630Z","26835","26.835","10.27","0.53","41.4","0","41","0","284.1","320.8","2","37.51"
"2026-07-15T10:41:07.687Z","26892","26.892","11.62","1.32","40.7","0","41","0","284.5","321.8","2","37.1"
"2026-07-15T10:41:07.730Z","26935","26.935","13.96","-0.79","60","0","60","0","284.1","322.3","3","35.63"
"2026-07-15T10:41:07.807Z","27012","27.012","15.14","4.43","0","0","0","0","286.1","321.8","2","37.11"
"2026-07-15T10:41:07.886Z","27091","27.091","17.69","6.02","0","0","0","0","288.3","321.9","2","34.14"
"2026-07-15T10:41:07.945Z","27150","27.150","0","0","0","0","0","0","0","0","3","31.87"
"2026-07-15T10:41:08.026Z","27231","27.231","0","0","0","0","0","0","0","0","2","30.04"
"2026-07-15T10:41:08.110Z","27315","27.315","0","0","0","0","0","0","0","0","2","28.48"
"2026-07-15T10:41:08.198Z","27403","27.403","0","0","0","0","0","0","0","0","3","27.97"
"2026-07-15T10:41:08.257Z","27462","27.462","0","0","0","0","0","0","0","0","3","27.81"
"2026-07-15T10:41:08.339Z","27544","27.544","0","0","0","0","0","0","0","0","3","27.16"
"2026-07-15T10:41:08.426Z","27631","27.631","0","0","0","0","0","0","0","0","3","26.86"
"2026-07-15T10:41:08.488Z","27693","27.693","0","0","0","0","0","0","0","0","3","27.14"
"2026-07-15T10:41:08.582Z","27787","27.787","50.3","1.71","261.6","0","180","0","319.4","323.7","2","25.88"
"2026-07-15T10:41:08.632Z","27837","27.837","50.73","2.32","170","0","170","0","319.9","323.9","3","30.06"
"2026-07-15T10:41:08.718Z","27923","27.923","52.76","2.59","0","0","0","0","320.1","324","3","30.39"
"2026-07-15T10:41:08.768Z","27973","27.973","54.06","3.23","0","0","0","0","320.9","324.4","3","29.76"
"2026-07-15T10:41:08.811Z","28016","28.016","54.73","3.08","0","0","0","0","321.3","324.6","3","31.23"
"2026-07-15T10:41:08.882Z","28087","28.087","55.47","3.42","0","0","0","0","321.6","324.7","3","33.46"
"2026-07-15T10:41:08.929Z","28134","28.134","55.47","5.24","0","0","0","0","322","324.8","3","34.67"
"2026-07-15T10:41:08.974Z","28179","28.179","0","0","0","0","0","0","0","0","0","36.12"
"2026-07-15T10:41:09.016Z","28221","28.221","0","0","0","0","0","0","0","0","0","37.25"
"2026-07-15T10:41:09.081Z","28286","28.286","0","0","0","0","0","0","0","0","0","36.23"
"2026-07-15T10:41:09.166Z","28371","28.371","0","0","0","0","0","0","0","0","0","39.26"
"2026-07-15T10:41:09.199Z","28404","28.404","0","0","0","0","0","0","0","0","0","40.26"
"2026-07-15T10:41:09.271Z","28476","28.476","18.97","5.24","99.5","16.7","99","17","284.9","326.8","2","40.16"
"2026-07-15T10:41:09.310Z","28515","28.515","16.14","6.74","91.5","19.8","91","20","282.8","327.7","3","39.29"
"2026-07-15T10:41:09.385Z","28590","28.590","15.35","6.19","83.1","21.5","83","22","282.2","327.3","3","37.83"
"2026-07-15T10:41:09.437Z","28642","28.642","14.6","5.72","72.9","21.6","73","22","281","326.9","2","38.55"
"2026-07-15T10:41:09.492Z","28697","28.697","13.08","5.66","47.4","14","47","14","279.4","326.8","3","38.74"
"2026-07-15T10:41:09.596Z","28801","28.801","12.23","5.62","0","0","0","0","278.6","326.8","3","37.77"
"2026-07-15T10:41:09.646Z","28851","28.851","12.07","6.33","62.8","22.8","63","23","277.8","328.1","2","34.87"
"2026-07-15T10:41:09.697Z","28902","28.902","13.13","6.27","67.3","23.1","67","23","277.8","327.8","2","34.95"
"2026-07-15T10:41:09.748Z","28953","28.953","11.75","6.76","43.8","15","44","15","277.3","327.8","3","35.27"
"2026-07-15T10:41:09.805Z","29010","29.010","9.78","1.18","37.2","0","37","0","274.8","321.9","2","36.03"
"2026-07-15T10:41:09.849Z","29054","29.054","8.54","-1.3","24.2","0","24","0","273.6","319.8","3","35.59"
"2026-07-15T10:41:09.923Z","29128","29.128","6.07","-3.95","27.3","-11.2","27","-11","271","318.6","2","35.27"
"2026-07-15T10:41:09.972Z","29177","29.177","4.21","-3.01","21","-12.2","21","-11","269.1","318.3","2","35.81"
"2026-07-15T10:41:10.036Z","29241","29.241","2.1","-2.26","0","0","0","0","266.6","319.1","2","35.78"
"2026-07-15T10:41:10.076Z","29281","29.281","0.58","-1.4","0","0","0","0","265.1","320.1","2","36.49"
"2026-07-15T10:41:10.142Z","29347","29.347","0.49","0.15","0","0","0","0","265.6","321.4","2","34.91"
"2026-07-15T10:41:10.192Z","29397","29.397","-0.48","0.82","0","0","0","0","265","321.8","3","35.94"
"2026-07-15T10:41:10.264Z","29469","29.469","-0.66","1.02","0","0","0","0","264.4","322.3","3","36.94"
"2026-07-15T10:41:10.314Z","29519","29.519","0.81","1.79","0","0","0","0","265.8","322.5","2","37.15"
"2026-07-15T10:41:10.452Z","29657","29.657","1.39","0.98","0","0","0","0","266.4","322.4","2","37.61"
"2026-07-15T10:41:10.487Z","29692","29.692","1.77","3.01","0","0","0","0","266.8","322.9","3","34.5"
"2026-07-15T10:41:10.535Z","29740","29.740","2.11","1.89","0","0","0","0","266.9","323","3","36.03"
"2026-07-15T10:41:10.603Z","29808","29.808","0.23","-1.32","0","0","0","0","265.4","319.7","2","36.69"
"2026-07-15T10:41:10.642Z","29847","29.847","2.23","-1.12","0","0","0","0","267.1","320.2","2","35.74"
"2026-07-15T10:41:10.711Z","29916","29.916","2.7","-2.13","0","0","0","0","267.4","321.2","2","34.63"
"2026-07-15T10:41:10.769Z","29974","29.974","2.13","0.34","0","0","0","0","266.7","321.1","2","35.57"
"2026-07-15T10:41:10.821Z","30026","30.026","-1.01","0.94","0","0","0","0","265.4","320.6","2","35.43"
"2026-07-15T10:41:10.878Z","30083","30.083","0.41","-0.74","0","0","0","0","265.8","320.1","2","36.24"
"2026-07-15T10:41:10.934Z","30139","30.139","1.58","-1.82","0","0","0","0","266.5","319.5","2","36.21"
"2026-07-15T10:41:10.996Z","30201","30.201","1.29","-1.68","0","0","0","0","266.3","319.5","3","35.16"
"2026-07-15T10:41:11.052Z","30257","30.257","1.51","-1.49","0","0","0","0","266.5","320.1","2","35.31"
"2026-07-15T10:41:11.111Z","30316","30.316","0.92","-1.2","0","0","0","0","265.8","320.3","2","35.46"
"2026-07-15T10:41:11.245Z","30450","30.450","0.79","-0.71","0","0","0","0","265.6","320.7","2","34.43"
"2026-07-15T10:41:11.274Z","30479","30.479","0.3","-0.45","0","0","0","0","265.5","321","3","31.8"
"2026-07-15T10:41:11.321Z","30526","30.526","0.37","-0.5","0","0","0","0","265.4","321.1","3","33.95"
"2026-07-15T10:41:11.375Z","30580","30.580","1.64","-1.72","0","0","0","0","266.5","319.9","2","35.77"
"2026-07-15T10:41:11.442Z","30647","30.647","3.24","-4.58","12","-12.4","12","-12","266.7","317","2","35.45"
"2026-07-15T10:41:11.482Z","30687","30.687","2.05","-5","12","-10","12","-10","267","315.9","3","36.01"
"2026-07-15T10:41:11.558Z","30763","30.763","-1.33","-17.91","0","-84.2","0","-74","263.3","303.1","2","36.29"
"2026-07-15T10:41:11.615Z","30820","30.820","-3.57","-30.1","-12","-128.4","-12","-128","261","290.9","3","36.1"
"2026-07-15T10:41:11.661Z","30866","30.866","-6.86","-35.01","0","0","0","0","259.5","283.5","3","35.17"
"2026-07-15T10:41:11.743Z","30948","30.948","0.91","-50.72","0","-209.3","0","-173","266.8","271","3","35.67"
"2026-07-15T10:41:11.808Z","31013","31.013","2.66","-61.92","0","0","0","0","268.3","259.9","3","32.62"
"2026-07-15T10:41:11.904Z","31109","31.109","19.69","-52.85","0","0","0","0","285.4","269.4","3","31.09"
"2026-07-15T10:41:11.978Z","31183","31.183","21.63","-56.22","0","0","0","0","291.5","265.9","3","29.7"
"2026-07-15T10:41:12.030Z","31235","31.235","26.49","-65.38","0","0","0","0","297","262.8","3","28.93"
"2026-07-15T10:41:12.125Z","31330","31.330","31.22","-69.07","0","0","0","0","302.2","259.9","3","28.35"
"2026-07-15T10:41:12.209Z","31414","31.414","36.58","-71.64","0","0","0","0","307.2","257.1","3","27.32"
"2026-07-15T10:41:12.282Z","31487","31.487","41.03","-74.1","0","0","0","0","311.5","254.7","3","27.3"
"2026-07-15T10:41:12.342Z","31547","31.547","0","0","0","0","0","0","0","0","0","26.86"
"2026-07-15T10:41:12.436Z","31641","31.641","0","0","0","0","0","0","0","0","0","26.96"
"2026-07-15T10:41:12.476Z","31681","31.681","0","0","0","0","0","0","0","0","0","28.61"
"2026-07-15T10:41:12.536Z","31741","31.741","0","0","0","0","0","0","0","0","0","28.31"
"2026-07-15T10:41:12.597Z","31802","31.802","0","0","0","0","0","0","0","0","0","30.91"
"2026-07-15T10:41:12.675Z","31880","31.880","0","0","0","0","0","0","0","0","0","34.58"
"2026-07-15T10:41:12.781Z","31986","31.986","0","0","0","0","0","0","0","0","0","32.88"
"2026-07-15T10:41:12.843Z","32048","32.048","0","0","0","0","0","0","0","0","0","29.45"
"2026-07-15T10:41:12.883Z","32088","32.088","0","0","0","0","0","0","0","0","0","31.38"
"2026-07-15T10:41:12.952Z","32157","32.157","0","0","0","0","0","0","0","0","0","36.48"
"2026-07-15T10:41:13.055Z","32260","32.260","0","0","0","0","0","0","0","0","0","39.78"
"2026-07-15T10:41:13.109Z","32314","32.314","0","0","0","0","0","0","0","0","0","36.48"
"2026-07-15T10:41:13.202Z","32407","32.407","0","0","0","0","0","0","0","0","0","33.5"
"2026-07-15T10:41:13.265Z","32470","32.470","0","0","0","0","0","0","0","0","0","31.73"
"2026-07-15T10:41:13.338Z","32543","32.543","0","0","0","0","0","0","0","0","0","30.52"
"2026-07-15T10:41:13.421Z","32626","32.626","0","0","0","0","0","0","0","0","0","31.24"
"2026-07-15T10:41:13.495Z","32700","32.700","0","0","0","0","0","0","0","0","0","30.17"
"2026-07-15T10:41:13.581Z","32786","32.786","0","0","0","0","0","0","0","0","0","29.4"
"2026-07-15T10:41:13.624Z","32829","32.829","0","0","0","0","0","0","0","0","0","29.19"
"2026-07-15T10:41:13.721Z","32926","32.926","0","0","0","0","0","0","0","0","0","28.33"
"2026-07-15T10:41:13.803Z","33008","33.008","0","0","0","0","0","0","0","0","0","27.65"
"2026-07-15T10:41:13.855Z","33060","33.060","0","0","0","0","0","0","0","0","0","27.86"
"2026-07-15T10:41:13.934Z","33139","33.139","0","0","0","0","0","0","0","0","0","27.06"
"2026-07-15T10:41:14.032Z","33237","33.237","0","0","0","0","0","0","0","0","0","27.11"
"2026-07-15T10:41:14.097Z","33302","33.302","0","0","0","0","0","0","0","0","0","27.49"
"2026-07-15T10:41:14.170Z","33375","33.375","0","0","0","0","0","0","0","0","0","27.38"
"2026-07-15T10:41:14.247Z","33452","33.452","0","0","0","0","0","0","0","0","0","27.45"
"2026-07-15T10:41:14.326Z","33531","33.531","0","0","0","0","0","0","0","0","0","27.08"
"2026-07-15T10:41:14.400Z","33605","33.605","0","0","0","0","0","0","0","0","0","27.22"
"2026-07-15T10:41:14.478Z","33683","33.683","0","0","0","0","0","0","0","0","0","26.6"
"2026-07-15T10:41:14.533Z","33738","33.738","0","0","0","0","0","0","0","0","0","27.08"
"2026-07-15T10:41:14.641Z","33846","33.846","0","0","0","0","0","0","0","0","0","27.25"
"2026-07-15T10:41:14.681Z","33886","33.886","0","0","0","0","0","0","0","0","0","27.48"
"2026-07-15T10:41:14.759Z","33964","33.964","0","0","0","0","0","0","0","0","0","27.23"
"2026-07-15T10:41:14.840Z","34045","34.045","0","0","0","0","0","0","0","0","0","26.86"
"2026-07-15T10:41:14.932Z","34137","34.137","0","0","0","0","0","0","0","0","0","27.28"
"2026-07-15T10:41:14.989Z","34194","34.194","0","0","0","0","0","0","0","0","0","26.74"
"2026-07-15T10:41:15.086Z","34291","34.291","0","0","0","0","0","0","0","0","0","26.92"
"2026-07-15T10:41:15.159Z","34364","34.364","0","0","0","0","0","0","0","0","0","27.22"
"2026-07-15T10:41:15.209Z","34414","34.414","0","0","0","0","0","0","0","0","0","27.26"
"2026-07-15T10:41:15.288Z","34493","34.493","0","0","0","0","0","0","0","0","0","27.22"
"2026-07-15T10:41:15.386Z","34591","34.591","0","0","0","0","0","0","0","0","0","27.01"
"2026-07-15T10:41:15.458Z","34663","34.663","0","0","0","0","0","0","0","0","0","27.11"
"2026-07-15T10:41:15.517Z","34722","34.722","0","0","0","0","0","0","0","0","0","26.61"
"2026-07-15T10:41:15.608Z","34813","34.813","0","0","0","0","0","0","0","0","0","26.99"